scenario_seed,mip_gap,best_objective,solve_time
68418150,0.1435,4.124187733333e+03,9269.81
12908330,2.1735,4.777715853159e+03,5409.96
77804901,0.1651,4.164739200000e+03,12875.69
