scenario_seed,mip_gap,best_objective,solve_time
68418150,0.0000,4.644292187500e+03,234.75
12908330,0.0000,4.733505637500e+03,288.19
77804901,0.0000,4.610908962500e+03,228.58
