scenario_seed,mip_gap,best_objective,solve_time
12908330,0.0000,4.219883100000e+03,190.96
77804901,1.2651,3.904775306402e+03,408.96
96998883,0.0000,3.239830966667e+03,488.35
