scenario_seed,mip_gap,best_objective,solve_time
12908330,3.8879,4.568245055630e+03,7237.16
77804901,0.0777,4.186173937500e+03,33546.73
96998883,74.7792,1.618438360000e+04,7368.39
