scenario_seed,mip_gap,best_objective,solve_time
68418150,0.4505,4.231448257143e+03,11427.16
12908330,0.0200,4.086979264286e+03,23582.64
77804901,0.0075,4.175703571429e+03,27966.28
96998883,0.4270,4.319654478571e+03,12522.56
