scenario_seed,mip_gap,best_objective,solve_time
68418150,4.0728,4.385361886387e+03,21805.92
12908330,0.4889,4.105486564286e+03,44063.56
77804901,0.3871,4.193997485714e+03,81627.89
