scenario_seed,mip_gap,best_objective,solve_time
68418150,0.5069,4.671391025000e+03,10811.14
12908330,0.2327,4.744765425000e+03,20138.79
77804901,0.3669,4.628817700000e+03,43622.10
