scenario_seed,mip_gap,best_objective,solve_time
12908330,0.0000,4.219400333333e+03,80.20
77804901,0.0000,3.852552933333e+03,134.92
96998883,0.0000,3.239727766667e+03,83.11
