scenario_seed,mip_gap,best_objective,solve_time
12908330,0.4529,4.409233087500e+03,352.93
77804901,0.0982,4.187097500000e+03,357.52
96998883,0.0000,4.080169050000e+03,677.80
