scenario_seed,mip_gap,best_objective,solve_time
12908330,0.3522,4.406325150000e+03,4287.71
77804901,3.1684,4.319458863350e+03,1929.57
96998883,1.6540,4.148585382635e+03,2488.18
