scenario_seed,mip_gap,best_objective,solve_time
12908330,0.0694,4.223505000000e+03,1616.27
77804901,0.0785,3.856991766667e+03,1529.90
96998883,1.6080,3.293943800000e+03,3116.53
