scenario_seed,mip_gap,best_objective,solve_time
68418150,1.3531,4.709623487500e+03,1314.90
12908330,0.0485,4.734782976071e+03,1398.87
77804901,0.0290,4.612393712500e+03,4440.33
