scenario_seed,mip_gap,best_objective,solve_time
12908330,1.6488,3.673294097919e+03,753.16
77804901,0.0000,3.414146785714e+03,575.10
96998883,2.8993,3.497404978571e+03,969.46
