scenario_seed,mip_gap,best_objective,solve_time
68418150,0.2831,4.661366137500e+03,4617.43
12908330,0.1110,4.738854562500e+03,4232.45
