scenario_seed,mip_gap,best_objective,solve_time
12908330,4.5039,4.418722993365e+03,1085.52
77804901,2.9903,3.973307547928e+03,3810.10
96998883,3.3400,3.352042398871e+03,13994.30
