scenario_seed,mip_gap,best_objective,solve_time
68418150,0.3612,4.134252133333e+03,2425.67
12908330,0.9156,4.717911810213e+03,2780.14
77804901,1.1366,4.206084915804e+03,2516.44
