scenario_seed,mip_gap,best_objective,solve_time
68418150,1.0276,4.252972756225e+03,1274.04
12908330,0.0300,4.085862292857e+03,2056.87
77804901,0.4304,4.191119282041e+03,2340.54
96998883,1.4088,4.361716845374e+03,1149.05
76515133,0.0000,4.009807185714e+03,1163.19
