scenario_seed,mip_gap,best_objective,solve_time
12908330,0.0000,4.391070025000e+03,98.77
77804901,0.0000,4.181907862500e+03,63.69
96998883,0.0000,4.079146600000e+03,117.83
