scenario_seed,mip_gap,best_objective,solve_time
68418150,0.0000,4.117500000000e+03,2.87
12908330,0.0000,4.675000000000e+03,2.96
77804901,0.0000,4.157000000000e+03,3.29
