scenario_seed,mip_gap,best_objective,solve_time
12908330,0.0000,3.605500000000e+03,1.67
77804901,0.0000,3.413500000000e+03,1.74
96998883,0.0000,3.392000000000e+03,1.90
