scenario_seed,mip_gap,best_objective,solve_time
68418150,0.0000,4.645000000000e+03,2.92
12908330,0.0000,4.735000000000e+03,3.37
77804901,0.0000,4.615500000000e+03,2.93
