scenario_seed,build_time,solve_time,best_objective
60618579,15.034771875,4270.398773193359,4584.583333333115
54337087,15.547847625,3638.7851300239563,4765.516666666719
70277723,15.517416667,1583.0585021972656,4722.316666666501
57162433,15.646132042,5192.286906957626,4636.683333333331
27836244,15.631781208,1299.2163581848145,4976.866666666683
