scenario_seed,build_time,solve_time,best_objective
60618579,10.274776875,58.512397050857544,4588.44999999999
54337087,4.181840834,132.07722306251526,4800.049999999998
70277723,4.073375375,130.58050084114075,4765.700000000012
57162433,4.238368375,95.84281587600708,4652.49999999999
27836244,4.128513959,96.08326196670532,5150.300000000012
