scenario_seed,build_time,solve_time,best_objective
60618579,4.990359042,323.63137912750244,4401.975000000013
54337087,5.485879541,219.41153192520142,4478.150000000011
70277723,5.161044417,407.45516204833984,4436.449999999792
57162433,5.063814916,242.76620507240295,4655.149999999805
27836244,5.233728416,269.7151539325714,4416.650000000015
