scenario_seed,build_time,solve_time,best_objective
60618579,8.064419875,285.28716802597046,4366.683333332678
54337087,8.165737542,576.9282138347626,4457.283333333319
70277723,8.149871,560.6181211471558,4457.349999999973
57162433,8.239201041,1377.6715958118439,4712.116666666656
27836244,8.268398583,458.19145107269287,4345.733333333324
