scenario_seed,build_time,solve_time,best_objective
60618579,7.184014666,15.733574151992798,4434.8
54337087,2.874907542,29.889644861221313,4541.599999999998
70277723,2.28988475,22.372341871261597,4505.399999999999
57162433,2.265416334,31.4865140914917,4644.900000000001
27836244,2.310410959,15.33495020866394,4427.3
