scenario_seed,build_time,solve_time,best_objective
60618579,9.894292666,710.8600461483002,4584.175000000033
54337087,9.423531459,1829.6328561306,4668.300000000029
70277723,9.376020958,790.7973730564117,4717.050000000014
57162433,9.426569375,2161.771802186966,4630.2500000000055
27836244,9.483954375,587.765692949295,4952.82500000005
