scenario_seed,build_time,solve_time,best_objective
60618579,21.49745675,527.7990381717682,4851.099999999968
54337087,14.122795209,857.4994719028473,4746.949999999988
70277723,14.213940542,520.2381119728088,5092.200000000001
57162433,14.125797,498.56348299980164,5220.949999999991
27836244,14.152409375,370.2484219074249,5148.249999999997
