scenario_seed,build_time,solve_time,best_objective
60618579,30.713649542,3534.2059700489044,4851.225000000072
54337087,31.299655792,9920.432240009308,4695.07500000256
70277723,31.582218042,8605.762619018555,5207.850000000097
57162433,32.1650295,9151.40637087822,5156.150000000098
27836244,32.319435,2548.621980905533,5074.725000000068
