scenario_seed,build_time,solve_time,best_objective
60618579,12.309995917,1883.444652080536,4266.325000000022
54337087,12.135314042,5321.205493927002,4495.399999999706
70277723,12.275385792,1076.6353240013123,4439.887500000028
57162433,12.258840625,1183.3437271118164,4678.637500000014
27836244,12.217792708,2414.234190940857,4387.3499999997275
