scenario_seed,mip_gap,best_objective,solve_time
12908330,0.0000,4.391500000000e+03,1.55
77804901,0.0000,4.186000000000e+03,1.51
96998883,0.0000,4.077000000000e+03,1.82
