scenario_seed,mip_gap,best_objective,solve_time
68418150,0.0000,4.201000000000e+03,3.64
12908330,0.0000,4.070500000000e+03,3.52
77804901,0.0000,4.173000000000e+03,3.29
96998883,0.0000,4.288500000000e+03,3.00
76515133,0.0000,3.991000000000e+03,3.24
