scenario_seed,mip_gap,best_objective,solve_time
12908330,0.0000,4.219000000000e+03,2.15
77804901,0.0000,3.854500000000e+03,1.64
96998883,0.0000,3.239500000000e+03,1.79
