scenario_seed,mip_gap,best_objective,solve_time
12908330,2.4818,3.706568162444e+03,5927.46
77804901,4.3152,3.566922330960e+03,1967.87
96998883,0.1484,3.401698821429e+03,7515.35
