scenario_seed,mip_gap,best_objective,solve_time
68418150,0.1876,4.126879766667e+03,10140.62
12908330,2.3994,4.788810974865e+03,15540.96
