scenario_seed,mip_gap,best_objective,solve_time
12908330,3.6771,4.558590811979e+03,1289.88
77804901,0.7041,4.211327768733e+03,1320.58
96998883,1.3217,4.134214613995e+03,1809.10
