scenario_seed,mip_gap,best_objective,solve_time
68418150,0.7110,4.148026766667e+03,63053.49
12908330,0.6131,4.702644033333e+03,111036.72
