scenario_seed,mip_gap,best_objective,solve_time
12908330,0.0000,3.613972071429e+03,141.17
77804901,0.0000,3.409191785714e+03,127.39
96998883,0.0000,3.396644564286e+03,70.61
