scenario_seed,mip_gap,best_objective,solve_time
12908330,4.4644,3.781495808874e+03,1688.39
77804901,1.9370,3.478603276807e+03,1855.41
96998883,3.7602,3.526329028059e+03,2408.32
