scenario_seed,mip_gap,best_objective,solve_time
12908330,23.1469,5.490640671356e+03,7076.57
77804901,4.7317,4.045158150267e+03,10628.43
