scenario_seed,mip_gap,best_objective,solve_time
68418150,3.7377,4.375957924307e+03,3775.47
12908330,0.0071,4.086139035714e+03,10259.33
77804901,0.0870,4.178318550000e+03,9624.53
96998883,4.8388,4.519553661296e+03,4522.45
76515133,0.0108,4.003814650000e+03,7562.74
