scenario_seed,mip_gap,best_objective,solve_time
68418150,0.0000,4.118264933333e+03,316.29
12908330,0.0000,4.673390266667e+03,358.01
77804901,0.0000,4.158272666667e+03,471.15
