scenario_seed,mip_gap,best_objective,solve_time
68418150,0.7478,4.240482729972e+03,294.02
12908330,0.0000,4.079519807143e+03,287.59
77804901,0.0000,4.179748128571e+03,166.96
96998883,0.0000,4.294367292857e+03,290.13
76515133,0.0000,4.000303785714e+03,235.72
