scenario_seed,mip_gap,best_objective,solve_time
12908330,4.8892,5.047648305000e+03,77.95
77804901,4.4025,4.672372666667e+03,85.75
96998883,3.7250,4.727353716667e+03,92.78
