scenario_seed,mip_gap,best_objective,solve_time
12908330,4.2011,5.391652350000e+03,73.60
77804901,4.4054,4.921770255556e+03,83.78
96998883,4.8191,4.149639655556e+03,86.90
