scenario_seed,mip_gap,best_objective,solve_time
12908330,0.0000,4.795708412500e+03,29.94
77804901,0.0000,4.382952020833e+03,31.60
96998883,0.0000,4.476219558333e+03,33.17
