scenario_seed,mip_gap,best_objective,solve_time
12908330,1.6340,5.047888622222e+03,14.19
77804901,0.0000,4.217378266667e+03,14.58
96998883,0.0000,3.569322811111e+03,15.54
