scenario_seed,mip_gap,best_objective,solve_time
68418150,0.0000,4.302055200000e+03,33.10
12908330,0.0000,4.707046895238e+03,40.62
77804901,0.0000,4.393222585714e+03,32.06
96998883,0.0000,4.371385538095e+03,29.45
76515133,0.0000,4.239698438095e+03,31.52
