scenario_seed,mip_gap,best_objective,solve_time
12908330,4.4135,5.141755955556e+03,59.80
77804901,4.7460,4.812292238889e+03,67.57
96998883,0.1846,3.796322387037e+03,68.65
