scenario_seed,mip_gap,best_objective,solve_time
12908330,0.0000,4.964572577778e+03,29.54
77804901,0.0000,4.583770833333e+03,31.83
96998883,0.0000,3.744928144444e+03,32.41
