scenario_seed,mip_gap,best_objective,solve_time
68418150,0.0000,4.497457022222e+03,57.39
12908330,0.0000,5.426502322222e+03,54.71
77804901,0.0000,4.558373411111e+03,66.98
