scenario_seed,mip_gap,best_objective,solve_time
12908330,4.9873,5.019217270000e+03,46.69
77804901,0.0000,4.347643937500e+03,47.46
96998883,0.0000,4.387656733333e+03,56.01
