scenario_seed,mip_gap,best_objective,solve_time
68418150,0.0000,5.612800570833e+03,55.73
12908330,0.0000,5.021627708333e+03,64.23
77804901,0.0000,4.985150116667e+03,56.98
