scenario_seed,mip_gap,best_objective,solve_time
12908330,0.0000,4.657480912500e+03,14.74
77804901,0.0000,4.428120241667e+03,14.48
96998883,0.0000,4.586176912500e+03,15.93
