scenario_seed,mip_gap,best_objective,solve_time
68418150,0.0000,5.499758537500e+03,85.83
12908330,0.0000,5.128114270833e+03,95.02
77804901,0.0000,4.976527833333e+03,93.06
