scenario_seed,mip_gap,best_objective,solve_time
68418150,1.8472,4.741863525000e+03,148.88
12908330,0.0000,4.744783928571e+03,155.59
77804901,0.0000,4.692629533333e+03,137.90
96998883,3.9591,4.797853002381e+03,141.38
76515133,0.0000,5.012673408333e+03,133.14
