scenario_seed,mip_gap,best_objective,solve_time
68418150,0.0000,4.580277955556e+03,26.89
12908330,0.0000,5.224443377778e+03,25.84
77804901,0.0000,4.530573900000e+03,32.02
