scenario_seed,mip_gap,best_objective,solve_time
12908330,0.0000,4.144608007143e+03,47.22
77804901,4.6801,4.015655409524e+03,47.39
96998883,0.0000,4.227792921429e+03,52.78
