scenario_seed,mip_gap,best_objective,solve_time
12908330,0.0000,3.874759607143e+03,15.65
77804901,0.0000,3.557051707143e+03,15.01
96998883,0.0000,3.917400735714e+03,15.23
