scenario_seed,mip_gap,best_objective,solve_time
12908330,2.3648,4.104266678571e+03,63.44
77804901,4.4666,4.492037009048e+03,63.63
96998883,4.5497,4.542061535714e+03,70.42
