scenario_seed,mip_gap,best_objective,solve_time
68418150,4.0727,4.901491323810e+03,195.91
12908330,2.5994,5.465634022619e+03,191.40
77804901,2.4690,4.913102282275e+03,183.08
96998883,0.0000,5.005878519048e+03,172.52
