scenario_seed,mip_gap,best_objective,solve_time
12908330,4.8958,4.398241514286e+03,78.00
77804901,4.2557,4.219346201190e+03,79.50
96998883,1.3490,4.579257357143e+03,94.45
