scenario_seed,mip_gap,best_objective,solve_time
68418150,4.9184,4.933134133333e+03,116.12
12908330,4.4749,5.662765588889e+03,116.92
77804901,0.0000,4.595993303704e+03,117.34
