scenario_seed,mip_gap,best_objective,solve_time
68418150,4.1115,4.865946071429e+03,109.75
12908330,4.7426,4.775865711905e+03,111.98
77804901,4.3785,4.851914482011e+03,99.53
96998883,4.2964,5.153006392857e+03,105.04
76515133,4.3677,4.891429407143e+03,96.99
