scenario_seed,mip_gap,best_objective,solve_time
68418150,4.4627,6.072162150000e+03,118.27
12908330,3.6521,5.382564920833e+03,130.26
77804901,0.0000,5.004366029167e+03,156.20
