scenario_seed,mip_gap,best_objective,solve_time
68418150,3.7997,4.683727971429e+03,70.11
12908330,0.0000,4.295651428571e+03,75.07
77804901,0.0000,4.356669380688e+03,66.88
96998883,0.0000,4.419523671429e+03,71.55
76515133,0.0000,4.303382107143e+03,67.65
