scenario_seed,mip_gap,best_objective,solve_time
12908330,0.0000,4.083229807143e+03,30.35
77804901,0.0000,3.999578528571e+03,32.92
96998883,0.0000,3.982948721429e+03,34.25
