scenario_seed,mip_gap,best_objective,solve_time
68418150,0.0000,5.362191237500e+03,26.38
12908330,0.0000,4.856383616667e+03,32.79
77804901,0.0000,4.917963858333e+03,28.56
