scenario_seed,mip_gap,best_objective,solve_time
68418150,0.0000,4.545431877778e+03,85.90
12908330,4.3304,5.612291783333e+03,103.19
77804901,0.0000,4.556657055556e+03,107.06
