scenario_seed,mip_gap,best_objective,solve_time
12908330,4.5377,5.165220033333e+03,44.78
77804901,0.0000,4.595846238889e+03,49.08
96998883,0.0000,3.688664062963e+03,50.76
