scenario_seed,mip_gap,best_objective,solve_time
68418150,4.9226,5.066867222222e+03,142.87
12908330,3.7582,5.799440266667e+03,179.20
77804901,4.6592,4.843643011111e+03,161.36
