scenario_seed,mip_gap,best_objective,solve_time
68418150,4.4492,6.288926856250e+03,152.96
12908330,4.9548,5.528743135417e+03,157.20
77804901,4.3481,5.253776854167e+03,169.08
