scenario_seed,mip_gap,best_objective,solve_time
12908330,3.7531,4.955879750833e+03,62.34
77804901,4.6437,4.624303850000e+03,68.63
96998883,4.9044,4.679590316667e+03,74.87
